{
    "name": "zenflo-graph",
    "url": "https://github.com/zenturi/zenflo-graph",
    "license": "MIT",
    "tags": ["haxe", "js", "fbp", "flow-based-programming", "fbp-graph", "graph"],
    "description": "Flow Based Programming Graph Definition",
    "classPath": "src",
    "version": "0.0.4",
    "releasenote": "alpha",
    "contributors": ["darmie"],
    "dependencies": {
        "zenflo-emitter": "",
        "fbp": "",
        "buddy": "",
        "equals": "",
        "tink_core": ""
    }
}